"","S","E","Ia","Is","R","ReD","V"
"0",99,0,0,1,0,0,0
"0.1",98.9598149863952,0,0,1.03003520791145,0.010149805693368,0,0
"0.2",98.9184402209206,0,0,1.06095535404753,0.0206044250318806,0,0
"0.3",98.8758443265078,0,0,1.0927835301775,0.0313721433147551,0,0
"0.4",98.8319893260678,0,0,1.12554766925053,0.0424630046817295,0,0
"0.5",98.786840128532,0,0,1.15927356175846,0.0538863097095482,0,0
"0.6",98.7403600703276,0,0,1.19398813542983,0.0656517942425947,0,0
"0.7",98.6925115306497,0,0,1.22971900229362,0.0777694670566905,0,0
"0.8",98.6432558005467,0,0,1.26649454924973,0.0902496502035662,0,0
"0.9",98.5925532410028,0,0,1.30434382391493,0.103102935082263,0,0
"1",98.5403632093555,0,0,1.34329658548746,0.116340205157093,0,0
"1.1",98.4866440264842,0,0,1.38338332648775,0.129972647028028,0,0
"1.2",98.4313529642768,0,0,1.42463527990808,0.144011755815115,0,0
"1.3",98.3744462253707,0,0,1.46708443152988,0.158469343099441,0,0
"1.4",98.3158789252065,0,0,1.51076353070003,0.173357544093442,0,0
"1.5",98.2556050735831,0,0,1.55570610122981,0.188688825187138,0,0
"1.6",98.1935775554497,0,0,1.60194645258112,0.204475991969238,0,0
"1.7",98.129748112602,0,0,1.64951969029044,0.220732197107608,0,0
"1.8",98.0640673256384,0,0,1.6984617260134,0.237470948348213,0,0
"1.9",97.9964845962356,0,0,1.74880928713991,0.254706116624483,0,0
"2",97.9269481298301,0,0,1.80059992590931,0.272451944260609,0,0
"2.1",97.8554049187635,0,0,1.85387202797322,0.290723053263345,0,0
"2.2",97.7818007259533,0,0,1.90866482035027,0.309534453696437,0,0
"2.3",97.7060800691542,0,0,1.96501837871451,0.328901552131313,0,0
"2.4",97.6281862058774,0,0,2.0229736339556,0.348840160167072,0,0
"2.5",97.5480611190417,0,0,2.08257237794616,0.369366503012165,0,0
"2.6",97.4656455034324,0,0,2.14385726844815,0.390497228119507,0,0
"2.7",97.3808787530473,0,0,2.20687183308669,0.412249413866042,0,0
"2.8",97.2936989494163,0,0,2.27166047231661,0.43464057826708,0,0
"2.9",97.2040428509819,0,0,2.33826846130316,0.457688687714939,0,0
"3",97.1118458836344,0,0,2.40674195063498,0.481412165730622,0,0
"3.1",97.0170421324999,0,0,2.47712796578366,0.505829901716425,0,0
"3.2",96.9195643350829,0,0,2.54947440522059,0.530961259696512,0,0
"3.3",96.8193438758702,0,0,2.62383003709829,0.556826087031558,0,0
"3.4",96.7163107825082,0,0,2.70024449439922,0.583444723092616,0,0
"3.5",96.6103937236697,0,0,2.77876826845194,0.610838007878404,0,0
"3.6",96.5015200086958,0,0,2.85945270074346,0.639027290560764,0,0
"3.7",96.3896155892942,0,0,2.94234997277209,0.668034437933742,0,0
"3.8",96.2746050631744,0,0,3.02751309406873,0.697881842756927,0,0
"3.9",96.1564116799016,0,0,3.11499588812978,0.728592431968688,0,0
"4",96.0349573491341,0,0,3.20485297612049,0.760189674745405,0,0
"4.1",95.9101626513441,0,0,3.29713975826923,0.792697590386698,0,0
"4.2",95.7819468511559,0,0,3.39191239284096,0.826140756003194,0,0
"4.3",95.6502279134745,0,0,3.48922777254408,0.860544313981502,0,0
"4.4",95.5149225225668,0,0,3.58914349823465,0.895933979198592,0,0
"4.5",95.3759461042403,0,0,3.69171784979899,0.93233604596072,0,0
"4.6",95.233212851297,0,0,3.79700975406729,0.969777394635708,0,0
"4.7",95.0866357524245,0,0,3.90507874962619,1.0082854979493,0,0
"4.8",94.9361266247003,0,0,4.01598494838666,1.0478884269131,0,0
"4.9",94.7815961498785,0,0,4.12978899376986,1.08861485635167,0,0
"5",94.6229539146375,0,0,4.24655201536856,1.1304940699939,0,0
"5.1",94.4601084549651,0,0,4.3663355799421,1.17355596509283,0,0
"5.2",94.2929673048599,0,0,4.48920163860352,1.21783105653655,0,0
"5.3",94.1214370495306,0,0,4.61521247005828,1.26335048041116,0,0
"5.4",93.9454233832685,0,0,4.74443061975542,1.31014599697602,0,0
"5.5",93.764831172176,0,0,4.87691883481461,1.35824999300936,0,0
"5.6",93.5795645219233,0,0,5.01273999459516,1.40769548348148,0,0
"5.7",93.3895268507113,0,0,5.1519570367773,1.45851611251142,0,0
"5.8",93.194620967608,0,0,5.29463287883061,1.51074615356133,0,0
"5.9",92.9947491564273,0,0,5.44083033475059,1.56442050882211,0,0
"6",92.7898132653071,0,0,5.59061202695068,1.61957470774215,0,0
"6.1",92.579714802144,0,0,5.74404029320557,1.67624490465041,0,0
"6.2",92.364355036026,0,0,5.90117708855017,1.7344678754238,0,0
"6.3",92.1436351048028,0,0,6.06208388204933,1.79428101314789,0,0
"6.4",91.9174561289157,0,0,6.22682154836485,1.85572232271943,0,0
"6.5",91.6857193316024,0,0,6.39545025405934,1.91883041433826,0,0
"6.6",91.4483261655735,0,0,6.56802933859077,1.98364449583571,0,0
"6.7",91.2051784462461,0,0,6.7446171899676,2.05020436378628,0,0
"6.8",90.9561784915993,0,0,6.92527111505154,2.11855039334915,0,0
"6.9",90.7012292687001,0,0,7.11004720451402,2.1887235267859,0,0
"7",90.4402345469259,0,0,7.29900019247279,2.26076526060126,0,0
"7.1",90.1730990578888,0,0,7.49218331085748,2.33471763125372,0,0
"7.2",89.8997286620398,0,0,7.68964813857633,2.41062319938381,0,0
"7.3",89.6200305219097,0,0,7.8914444455819,2.48852503250837,0,0
"7.4",89.3339132819088,0,0,8.09762003196059,2.56846668613061,0,0
"7.5",89.041287254584,0,0,8.30822056219929,2.65049218321665,0,0
"7.6",88.7420646131956,0,0,8.52328939481287,2.73464599199147,0,0
"7.7",88.4361595904431,0,0,8.74286740754799,2.82097300200884,0,0
"7.8",88.1234886831363,0,0,8.9669928184116,2.90951849845205,0,0
"7.9",87.8039708625667,0,0,9.19570100280785,3.00032813462543,0,0
"8",87.4775277902988,0,0,9.42902430710228,3.09344790259887,0,0
"8.1",87.1440840390582,0,0,9.66699185896994,3.18892410197178,0,0
"8.2",86.8035673183522,0,0,9.90962937492184,3.28680330672595,0,0
"8.3",86.4559087044151,0,0,10.1569589654434,3.3871323301414,0,0
"8.4",86.1010428740281,0,0,10.4089989382182,3.48995818775365,0,0
"8.5",85.7389083417137,0,0,10.6657635999505,3.59532805833574,0,0
"8.6",85.3694476997651,0,0,10.927263057341,3.70328924289379,0,0
"8.7",84.9926078605195,0,0,11.1935030178099,3.81388912167054,0,0
"8.8",84.6083403002409,0,0,11.4644845906016,3.92717510915746,0,0
"8.9",84.2166013039304,0,0,11.7402040889469,4.04319460712262,0,0
"9",83.8173522103374,0,0,12.020652833994,4.16199495566846,0,0
"9.1",83.4105596563993,0,0,12.3058169612598,4.28362338234078,0,0
"9.2",82.9961958202942,0,0,12.5956772303877,4.40812694931811,0,0
"9.3",82.5742386622495,0,0,12.8902088390318,4.53555249871864,0,0
"9.4",82.1446721622097,0,0,13.1893812417201,4.66594659607011,0,0
"9.5",81.707486553427,0,0,13.4931579745761,4.79935547199689,0,0
"9.6",81.2626785510078,0,0,13.8014964868048,4.93582496218739,0,0
"9.7",80.810251574414,0,0,14.1143479798721,5.07540044571389,0,0
"9.8",80.3502159628919,0,0,14.4316572553213,5.21812678178674,0,0
"9.9",79.8825891827791,0,0,14.7533625721872,5.36404824503369,0,0
"10",79.4073960256205,0,0,15.0793955149738,5.5132084594056,0,0
"10.1",78.9246687960138,0,0,15.4096808731675,5.66565033081859,0,0
"10.2",78.4344474880943,0,0,15.7441365332525,5.82141597865317,0,0
"10.3",77.9367799495711,0,0,16.0826733841888,5.98054666623997,0,0
"10.4",77.4317220322309,0,0,16.4251952372975,6.14308273047155,0,0
"10.5",76.9193377278354,0,0,16.7715987614756,6.30906351068892,0,0
"10.6",76.3996992883616,0,0,17.1217734346377,6.47852727700061,0,0
"10.7",75.872887329558,0,0,17.475601512241,6.65151115820092,0,0
"10.8",75.3389909168245,0,0,17.8329580137132,6.82805106946221,0,0
"10.9",74.7981076324662,0,0,18.1937107275495,7.00818163998422,0,0
"11",74.2503436234206,0,0,18.5577202357886,7.19193614079074,0,0
"11.1",73.6958136286159,0,0,18.9248399585135,7.37934641287057,0,0
"11.2",73.1346409851827,0,0,19.2949162189512,7.57044279586609,0,0
"11.3",72.5669576128155,0,0,19.6677883296665,7.76525405751792,0,0
"11.4",71.9929039756604,0,0,20.0432887002609,7.96380732407867,0,0
"11.5",71.4126290211925,0,0,20.4212429668947,8.16612801191272,0,0
"11.6",70.8262900956443,0,0,20.8014701438546,8.37223976050112,0,0
"11.7",70.2340528356414,0,0,21.1837827972855,8.58216436707306,0,0
"11.8",69.6360910358166,0,0,21.5679872410978,8.79592172308553,0,0
"11.9",69.0325864922764,0,0,21.953883754951,9.01352975277256,0,0
"12",68.423728821919,0,0,22.3412668240971,9.23500435398386,0,0
"12.1",67.8097152577164,0,0,22.7299254007537,9.46035934152979,0,0
"12.2",67.1907504202,0,0,23.119643186554,9.68960639324597,0,0
"12.3",66.5670460655118,0,0,23.5101989355028,9.92275499898536,0,0
"12.4",65.9388208105123,0,0,23.901366776748,10.1598124127397,0,0
"12.5",65.3062998355575,0,0,24.2929165563583,10.4007836080841,0,0
"12.6",64.669714565687,0,0,24.6846141971814,10.6456712371316,0,0
"12.7",64.0293023310859,0,0,25.0762220757435,10.8944755931706,0,0
"12.8",63.3853060078019,0,0,25.4674994150441,11.1471945771539,0,0
"12.9",62.7379736398183,0,0,25.8582026919931,11.4038236681885,0,0
"13",62.0875580436894,0,0,26.2480860581427,11.6643558981679,0,0
"13.1",61.4343163970529,0,0,26.6369017722748,11.9287818306722,0,0
"13.2",60.7785098124294,0,0,27.0244006433235,12.1970895442471,0,0
"13.3",60.1204028978074,0,0,27.4103324820354,12.4692646201572,0,0
"13.4",59.4602633055944,0,0,27.7944465597132,12.7452901346924,0,0
"13.5",58.7983612715835,0,0,28.1764920723259,13.0251466560906,0,0
"13.6",58.1349691456454,0,0,28.5562186082342,13.3088122461204,0,0
"13.7",57.4703609159061,0,0,28.9333766177416,13.5962624663522,0,0
"13.8",56.8048117282073,0,0,29.3077178826664,13.8874703891263,0,0
"13.9",56.1385974026727,0,0,29.6789959841186,14.1824066132087,0,0
"14",55.4719939492194,0,0,30.0469667666713,14.4810392841093,0,0
"14.1",54.8052770838534,0,0,30.4113887971312,14.7833341190153,0,0
"14.2",54.1387217475808,0,0,30.7720238161411,15.0892544362781,0,0
"14.3",53.4726016297415,0,0,31.128637180885,15.3987611893735,0,0
"14.4",52.8071886975428,0,0,31.4809982972198,15.7118130052373,0,0
"14.5",52.1427527335213,0,0,31.8288810396161,16.0283662268625,0,0
"14.6",51.4795608826087,0,0,32.1720641573628,16.3483749600285,0,0
"14.7",50.8178772104094,0,0,32.5103316655731,16.6717911240174,0,0
"14.8",50.1579622742245,0,0,32.8434732196162,16.9985645061592,0,0
"14.9",49.500072708268,0,0,33.1712844716997,17.3286428200322,0,0
"15",48.844460824434,0,0,33.4935674084302,17.6619717671357,0,0
"15.1",48.1913742298691,0,0,33.8101306682922,17.9984951018387,0,0
"15.2",47.5410554625016,0,0,34.1207898381001,18.3381546993983,0,0
"15.3",46.8937416455659,0,0,34.4253677275988,18.6808906268353,0,0
"15.4",46.249664162047,0,0,34.723694621511,19.0266412164419,0,0
"15.5",45.6090483498486,0,0,35.015608508455,19.3753431416964,0,0
"15.6",44.9721132183716,0,0,35.3009552862805,19.7269314953479,0,0
"15.7",44.3390711870644,0,0,35.5795889434991,20.0813398694364,0,0
"15.8",43.7101278463863,0,0,35.8513717166077,20.4385004370059,0,0
"15.9",43.0854817415031,0,0,36.1161742232268,20.79834403527,0,0
"16",42.4653241789162,0,0,36.3738755710956,21.1608002499882,0,0
"16.1",41.8498390561073,0,0,36.6243634430803,21.5257975008124,0,0
"16.2",41.2392027141702,0,0,36.8675341584659,21.8932631273638,0,0
"16.3",40.6335838132879,0,0,37.1032927109058,22.2631234758062,0,0
"16.4",40.0331432308171,0,0,37.3315527834997,22.6353039856831,0,0
"16.5",39.4380339816314,0,0,37.5522367415728,23.0097292767958,0,0
"16.6",38.8484011602918,0,0,37.7652756038081,23.3863232359,0,0
"16.7",38.2643819045198,0,0,37.9706089924745,23.7650091030057,0,0
"16.8",37.6861053793738,0,0,38.1681850635462,24.14570955708,0,0
"16.9",37.113692781456,0,0,38.3579604175894,24.5283468009546,0,0
"17",36.5472573624063,0,0,38.539899992344,24.9128426452496,0,0
"17.1",35.986904470889,0,0,38.7139769379751,25.2991185911358,0,0
"17.2",35.4327316122226,0,0,38.8801724760111,25.6870959117663,0,0
"17.3",34.884828524761,0,0,39.0384757430179,26.076695732221,0,0
"17.4",34.3432772721012,0,0,39.1888836200827,26.467839107816,0,0
"17.5",33.8081523501583,0,0,39.3314005492009,26.8604471006407,0,0
"17.6",33.2795208081334,0,0,39.4660383376676,27.254440854199,0,0
"17.7",32.7574423823936,0,0,39.5928159515672,27.6497416660391,0,0
"17.8",32.2419696422029,0,0,39.7117592995324,28.0462710582647,0,0
"17.9",31.7331481464085,0,0,39.8229010077468,28.4439508458447,0,0
"18",31.23101660999,0,0,39.9262801873786,28.8427032026314,0,0
"18.1",30.7356070795302,0,0,40.0219421954491,29.2424507250206,0,0
"18.2",30.2469451165934,0,0,40.1099383902161,29.6431164931904,0,0
"18.3",29.7650499880813,0,0,40.1903258820477,30.044624129871,0,0
"18.4",29.2899348626219,0,0,40.2631672807729,30.4468978566052,0,0
"18.5",28.8216070120793,0,0,40.3285304404516,30.849862547469,0,0
"18.6",28.3600680173038,0,0,40.3864882024661,31.25344378023,0,0
"18.7",27.9053139772741,0,0,40.4371181377932,31.6575678849327,0,0
"18.8",27.4573357208185,0,0,40.4805022892765,32.062161989905,0,0
"18.9",27.0161190201371,0,0,40.5167269146713,32.4671540651915,0,0
"19",26.5816448053871,0,0,40.545882231189,32.8724729634239,0,0
"19.1",26.1538893796319,0,0,40.5680621622215,33.2780484581466,0,0
"19.2",25.7328246334966,0,0,40.5833640868793,33.683811279624,0,0
"19.3",25.3184182589113,0,0,40.5918885929292,34.0896931481594,0,0
"19.4",24.9106339613707,0,0,40.5937392336673,34.495626804962,0,0
"19.5",24.5094316701695,0,0,40.5890222892252,34.9015460406052,0,0
"19.6",24.1147677461293,0,0,40.5778465327492,35.3073857211215,0,0
"19.7",23.726595186358,0,0,40.5603230018566,35.7130818117853,0,0
"19.8",23.3448638256356,0,0,40.5365647757259,36.1185713986385,0,0
"19.9",22.9695205340516,0,0,40.5066867581326,36.5237927078157,0,0
"20",22.6005094105611,0,0,40.470805466707,36.9286851227318,0,0
"20.1",22.2377719721615,0,0,40.4290388286453,37.3331891991932,0,0
"20.2",21.88124733843,0,0,40.3815059830703,37.7372466784996,0,0
"20.3",21.5308724111944,0,0,40.3283270902016,38.140800498604,0,0
"20.4",21.1865820491426,0,0,40.2696231474598,38.5437948033975,0,0
"20.5",20.8483092372091,0,0,40.2055158125991,38.9461749501917,0,0
"20.6",20.5159852506034,0,0,40.1361272339295,39.3478875154671,0,0
"20.7",20.1895398133768,0,0,40.0615798876639,39.7488802989592,0,0
"20.8",19.8689012514478,0,0,39.9819964223977,40.1491023261545,0,0
"20.9",19.5539966400304,0,0,39.897499510704,40.5485038492656,0,0
"21",19.2447519454365,0,0,39.8082117078042,40.9470363467592,0,0
"21.1",18.9410921612393,0,0,39.7142553172556,41.344652521505,0,0
"21.2",18.6429414388088,0,0,39.6157522635749,41.7413062976162,0,0
"21.3",18.3502232122472,0,0,39.512823971702,42.1369528160508,0,0
"21.4",18.0628603177662,0,0,39.4055912531922,42.5315484290416,0,0
"21.5",17.7807751075682,0,0,39.2941741990113,42.9250506934204,0,0
"21.6",17.5038895583016,0,0,39.1786920787948,43.3174183629035,0,0
"21.7",17.2321253741764,0,0,39.0592632464228,43.7086113794007,0,0
"21.8",16.9654040848356,0,0,38.9360050517526,44.0985908634117,0,0
"21.9",16.7036471380877,0,0,38.809033758343,44.4873191035692,0,0
"22",16.446775987614,0,0,38.6784644669967,44.8747595453893,0,0
"22.1",16.1947121757721,0,0,38.5444110449433,45.2608767792846,0,0
"22.2",15.9473774116224,0,0,38.4069860604797,45.6456365278978,0,0
"22.3",15.7046936443103,0,0,38.2663007228821,46.0290056328076,0,0
"22.4",15.4665831319412,0,0,38.1224648274001,46.4109520406586,0,0
"22.5",15.2329685060872,0,0,37.9755867051453,46.7914447887674,0,0
"22.6",15.0037728320695,0,0,37.8257731776806,47.1704539902498,0,0
"22.7",14.7789196651606,0,0,37.6731295161222,47.5479508187171,0,0
"22.8",14.5583331028508,0,0,37.5177594045635,47.9239074925856,0,0
"22.9",14.3419378333271,0,0,37.3597649076325,48.2982972590403,0,0
"23",14.1296591803085,0,0,37.1992464419964,48.6710943776951,0,0
"23.1",13.9214231443845,0,0,37.0363027516294,49.042274103986,0,0
"23.2",13.717156441001,0,0,36.871030886663,49.4118126723359,0,0
"23.3",13.516786535235,0,0,36.7035261856407,49.7796872791242,0,0
"23.4",13.3202416735014,0,0,36.5338822610021,50.1458760654964,0,0
"23.5",13.1274509123285,0,0,36.362190987629,50.5103581000425,0,0
"23.6",12.9383441443394,0,0,36.1885424942835,50.873113361377,0,0
"23.7",12.7528521215732,0,0,36.0130251577808,51.234122720646,0,0
"23.8",12.570906476275,0,0,35.8357255997356,51.5933679239893,0,0
"23.9",12.3924397392837,0,0,35.6567286857337,51.9508315749825,0,0
"24",12.2173853561397,0,0,35.4761175267782,52.306497117082,0,0
"24.1",12.0456777010346,0,0,35.2939734828699,52.6603488160955,0,0
"24.2",11.8772520887189,0,0,35.1103761685832,53.0123717426979,0,0
"24.3",11.712044784481,0,0,34.9254034605057,53.3625517550132,0,0
"24.4",11.5499930123073,0,0,34.7391315064138,53.7108754812789,0,0
"24.5",11.3910349613285,0,0,34.5516347360613,54.0573303026102,0,0
"24.6",11.2351097906553,0,0,34.362985873464,54.4019043358806,0,0
"24.7",11.0821576327005,0,0,34.1732559505679,54.7445864167315,0,0
"24.8",10.9321195950825,0,0,33.9825143221925,55.085366082725,0,0
"24.9",10.7849377612012,0,0,33.7908286821463,55.4242335566524,0,0
"25",10.6405551895731,0,0,33.5982650804173,55.7611797300096,0,0
"25.1",10.4989159120084,0,0,33.4048879413433,56.0961961466482,0,0
"25.2",10.3599649307117,0,0,33.2107600826741,56.4292749866141,0,0
"25.3",10.2236482143798,0,0,33.0159427354397,56.7604090501804,0,0
"25.4",10.0899126933727,0,0,32.8204955645449,57.0895917420824,0,0
"25.5",9.95870625402432,0,0,32.6244766900138,57.4168170559618,0,0
"25.6",9.82997773216134,0,0,32.4279427088114,57.7420795590272,0,0
"25.7",9.70367690589166,0,0,32.2309487171742,58.0653743769341,0,0
"25.8",9.57975448772311,0,0,32.033548333385,58.3866971788918,0,0
"25.9",9.45816211606912,0,0,31.8357937209322,58.7060441629986,0,0
"26",9.33885234619499,0,0,31.6377356119931,59.0234120418119,0,0
"26.1",9.22177864065626,0,0,31.439423331191,59.3387980281527,0,0
"26.2",9.10689535927716,0,0,31.2409048195721,59.6521998211507,0,0
"26.3",8.99415774871506,0,0,31.0422266587564,59.9636155925285,0,0
"26.4",8.88352193165407,0,0,30.8434340952168,60.273043973129,0,0
"26.5",8.77494489566845,0,0,30.6445710646458,60.5804840396857,0,0
"26.6",8.66838448179426,0,0,30.4456802163692,60.8859353018365,0,0
"26.7",8.56379937284539,0,0,30.2468029377717,61.1893976893828,0,0
"26.8",8.46114908150793,0,0,30.0479793787002,61.4908715397918,0,0
"26.9",8.36039393824473,0,0,29.8492484758124,61.7903575859429,0,0
"27",8.26149507904015,0,0,29.6506479768426,62.0878569441172,0,0
"27.1",8.16441443301303,0,0,29.4522144647575,62.3833711022294,0,0
"27.2",8.06911470992401,0,0,29.2539833817758,62.6769019083001,0,0
"27.3",7.97555938760181,0,0,29.0559890532303,62.9684515591678,0,0
"27.4",7.88371269931131,0,0,28.8582647112498,63.2580225894388,0,0
"27.5",7.79353962108471,0,0,28.6608425182429,63.5456178606724,0,0
"27.6",7.70500585903555,0,0,28.4637535901639,63.8312405508005,0,0
"27.7",7.61807783667418,0,0,28.2670280195474,64.1148941437784,0,0
"27.8",7.53272268224149,0,0,28.0706948982938,64.3965824194646,0,0
"27.9",7.44890821607686,0,0,27.8747823401955,64.6763094437276,0,0
"28",7.36660293803498,0,0,27.679317503189,64.954079558776,0,0
"28.1",7.28577601496476,0,0,27.4843266113253,65.2298973737099,0,0
"28.2",7.20639726826296,0,0,27.2898349764456,65.5037677552914,0,0
"28.3",7.12843716151376,0,0,27.0958670195574,65.7756958189288,0,0
"28.4",7.05186678822464,0,0,26.902446291901,66.0456869198743,0,0
"28.5",6.97665785966816,0,0,26.7095954957014,66.3137466446304,0,0
"28.6",6.9027826928382,0,0,26.5173365045999,66.5798808025618,0,0
"28.7",6.83021419852841,0,0,26.3256903837607,66.8440954177109,0,0
"28.8",6.75892586954012,0,0,26.1346774096482,67.1063967208116,0,0
"28.9",6.68889176902587,0,0,25.9443170894738,67.3667911415003,0,0
"29",6.62008651897429,0,0,25.7546281803066,67.625285300719,0,0
"29.1",6.55248528884146,0,0,25.5656287078505,67.881886003308,0,0
"29.2",6.48606378433305,0,0,25.3773359848821,68.1366002307849,0,0
"29.3",6.42079823634129,0,0,25.189766629353,68.3894351343057,0,0
"29.4",6.35666539004007,0,0,25.0029365821536,68.6403980278063,0,0
"29.5",6.29364249414104,0,0,24.8168611245402,68.8894963813188,0,0
"29.6",6.23170729031328,0,0,24.6315548952257,69.136737814461,0,0
"29.7",6.17083800276845,0,0,24.4470319071364,69.3821300900951,0,0
"29.8",6.11101332801309,0,0,24.2633055638346,69.6256811081522,0,0
"29.9",6.05221242476932,0,0,24.0803886756111,69.8673988996195,0,0
"30",5.994414904065,0,0,23.8982934752485,70.1072916206864,0,0
"30.1",5.93760081949369,0,0,23.7170316334591,70.3453675470472,0,0
"30.2",5.88175065764506,0,0,23.5366142739991,70.5816350683558,0,0
"30.3",5.82684532870551,0,0,23.3570519884634,70.8161026828311,0,0
"30.4",5.77286615722901,0,0,23.1783548507638,71.0487789920072,0,0
"30.5",5.71979487307765,0,0,23.0005324312941,71.2796726956282,0,0
"30.6",5.66761360253123,0,0,22.8235938107862,71.5087925866825,0,0
"30.7",5.61630485956513,0,0,22.6475475938609,71.736147546574,0,0
"30.8",5.56585153729539,0,0,22.4724019222771,71.9617465404275,0,0
"30.9",5.51623689958985,0,0,22.2981644878847,72.1855986125254,0,0
"31",5.46744457284407,0,0,22.1248425452842,72.4077128818717,0,0
"31.1",5.41945853792046,0,0,21.9524429241975,72.628098537882,0,0
"31.2",5.37226312224919,0,0,21.7809720415557,72.846764836195,0,0
"31.3",5.32584299208902,0,0,21.6104359133066,73.0637210946043,0,0
"31.4",5.28018314494644,0,0,21.4408401659474,73.2789766891061,0,0
"31.5",5.23526890215113,0,0,21.2721900477874,73.4925410500614,0,0
"31.6",5.19108590158575,0,0,21.104490439945,73.7044236584692,0,0
"31.7",5.14762009056822,0,0,20.9377458670831,73.9146340423487,0,0
"31.8",5.10485771888411,0,0,20.7719605078888,74.1231817732271,0,0
"31.9",5.06278533196737,0,0,20.6071382053012,74.3300764627314,0,0
"32",5.02138976422678,0,0,20.4432824764924,74.5353277592808,0,0
"32.1",4.98065813251634,0,0,20.2803965226053,74.7389453448783,0,0
"32.2",4.94057782974696,0,0,20.1184832382553,74.9409389319977,0,0
"32.3",4.90113651863747,0,0,19.9575452207974,75.1413182605651,0,0
"32.4",4.86232212560234,0,0,19.7975847793662,75.3400930950315,0,0
"32.5",4.82412283477413,0,0,19.6386039436908,75.537273221535,0,0
"32.6",4.78652708215807,0,0,19.4806044726919,75.7328684451501,0,0
"32.7",4.74952354991648,0,0,19.3235878628625,75.926888587221,0,0
"32.8",4.71310116078084,0,0,19.1675553564398,76.1193434827794,0,0
"32.9",4.67724907258895,0,0,19.0125079493702,76.3102429780408,0,0
"33",4.64195667294504,0,0,18.8584463990733,76.4995969279817,0,0
"33.1",4.60721357400033,0,0,18.7053712320084,76.6874151939912,0,0
"33.2",4.57300960735188,0,0,18.5532827510485,76.8737076415996,0,0
"33.3",4.53933481905727,0,0,18.4021810426653,77.0584841382774,0,0
"33.4",4.50617946476296,0,0,18.2520659839295,77.2417545513075,0,0
"33.5",4.47353400494396,0,0,18.1029372493311,77.4235287457249,0,0
"33.6",4.44138910025261,0,0,17.9547943174232,77.6038165823242,0,0
"33.7",4.40973560697419,0,0,17.8076364772928,77.782627915733,0,0
"33.8",4.37856457258725,0,0,17.661462834864,77.9599725925487,0,0
"33.9",4.34786723142634,0,0,17.5162723190357,78.1358604495379,0,0
"34",4.31763500044506,0,0,17.372063687659,78.310301311896,0,0
"34.1",4.28785947507738,0,0,17.2288355333569,78.4833049915658,0,0
"34.2",4.25853242519492,0,0,17.0865862891911,78.654881285614,0,0
"34.3",4.22964579115835,0,0,16.9453142341784,78.8250399746633,0,0
"34.4",4.20119167996066,0,0,16.8050174986608,78.9937908213785,0,0
"34.5",4.17316236146048,0,0,16.665694069533,79.1611435690065,0,0
"34.6",4.14555026470333,0,0,16.5273417953296,79.3271079399671,0,0
"34.7",4.11834797432885,0,0,16.3899583911769,79.4916936344943,0,0
"34.8",4.09154822706227,0,0,16.2535414436114,79.6549103293264,0,0
"34.9",4.06514390828792,0,0,16.1180884152683,79.8167676764438,0,0
"35",4.0391280487033,0,0,15.9835966494438,79.9772753018529,0,0
"35.1",4.01349382105158,0,0,15.8500633745338,80.1364428044147,0,0
"35.2",3.9882345369309,0,0,15.7174857083513,80.2942797547179,0,0
"35.3",3.96334364367867,0,0,15.5858606623278,80.4507956939937,0,0
"35.4",3.93881472132921,0,0,15.4551851455979,80.606000133073,0,0
"35.5",3.91464147964288,0,0,15.3254559689741,80.7599025513831,0,0
"35.6",3.89081775520531,0,0,15.1966698488107,80.9125123959841,0,0
"35.7",3.86733750859479,0,0,15.0688234107625,81.0638390806428,0,0
"35.8",3.84419482161652,0,0,14.9419131934392,81.2138919849444,0,0
"35.9",3.82138389460191,0,0,14.8159356519583,81.3626804534399,0,0
"36",3.79889904377168,0,0,14.6908871614,81.5102137948285,0,0
"36.1",3.77673469866093,0,0,14.5667640201654,81.6565012811738,0,0
"36.2",3.754885399605,0,0,14.4435624532411,81.801552147154,0,0
"36.3",3.7333457952846,0,0,14.3212786153726,81.945375589343,0,0
"36.4",3.71211064032868,0,0,14.1999085941474,82.0879807655241,0,0
"36.5",3.69117479297384,0,0,14.0794484129933,82.229376794033,0,0
"36.6",3.6705332127789,0,0,13.95989403409,82.3695727531313,0,0
"36.7",3.6501809583932,0,0,13.8412413611993,82.5085776804077,0,0
"36.8",3.63011318537751,0,0,13.7234862424145,82.6464005722081,0,0
"36.9",3.61032514407612,0,0,13.6066244728318,82.7830503830922,0,0
"37",3.5908121775391,0,0,13.4906517971446,82.9185360253164,0,0
"37.1",3.57156971949326,0,0,13.3755639121643,83.0528663683425,0,0
"37.2",3.55259329236091,0,0,13.2613564692678,83.1860502383714,0,0
"37.3",3.53387850532502,0,0,13.1480250767747,83.3180964179004,0,0
"37.4",3.5154210524399,0,0,13.0355653022558,83.4490136453044,0,0
"37.5",3.4972167107861,0,0,12.9239726747743,83.5788106144396,0,0
"37.6",3.47926133866856,0,0,12.8132426870619,83.7074959742696,0,0
"37.7",3.461550873857,0,0,12.703370797631,83.8350783285121,0,0
"37.8",3.44408133186742,0,0,12.594352432825,83.9615662353076,0,0
"37.9",3.42684880428378,0,0,12.4861829888086,84.0869682069077,0,0
"38",3.40984945711896,0,0,12.3788578334987,84.2112927093824,0,0
"38.1",3.39307952921386,0,0,12.2723723084384,84.3345481623479,0,0
"38.2",3.37653533067389,0,0,12.166721730615,84.4567429387112,0,0
"38.3",3.36021324134186,0,0,12.0619013942243,84.5778853644339,0,0
"38.4",3.34410970930641,0,0,11.9579065723807,84.6979837183129,0,0
"38.5",3.32822124944511,0,0,11.8547325187773,84.8170462317777,0,0
"38.6",3.31254444200138,0,0,11.7523744692946,84.935081088704,0,0
"38.7",3.29707593119443,0,0,11.6508276435613,85.0520964252443,0,0
"38.8",3.28181242386141,0,0,11.5500872464665,85.1681003296722,0,0
"38.9",3.26675068813093,0,0,11.4501484696266,85.2831008422425,0,0
"39",3.25188755212736,0,0,11.3510064928067,85.3971059550659,0,0
"39.1",3.23721990270489,0,0,11.2526564852978,85.5101236119973,0,0
"39.2",3.22274468421092,0,0,11.1550936072515,85.6221617085376,0,0
"39.3",3.20845889727785,0,0,11.0583130109732,85.733228091749,0,0
"39.4",3.19435959764265,0,0,10.9623098421748,85.8433305601826,0,0
"39.5",3.1804438949936,0,0,10.8670792411874,85.952476863819,0,0
"39.6",3.16670895184345,0,0,10.7726163441367,86.0606747040198,0,0
"39.7",3.15315198242843,0,0,10.6789162840797,86.1679317334919,0,0
"39.8",3.13977025163233,0,0,10.5859741921059,86.2742555562618,0,0
"39.9",3.12656107393536,0,0,10.4937851984031,86.3796537276616,0,0
"40",3.1135218123868,0,0,10.4023444332882,86.484133754325,0,0
"40.1",3.10064987760115,0,0,10.311647028205,86.5877030941939,0,0
"40.2",3.08794272677709,0,0,10.2216881166889,86.690369156534,0,0
"40.3",3.07539786273876,0,0,10.1324628353003,86.792139301961,0,0
"40.4",3.0630128329987,0,0,10.0439663245264,86.8930208424748,0,0
"40.5",3.05078522884208,0,0,9.95619372965404,86.9930210415039,0,0
"40.6",3.03871268443164,0,0,9.8691402016117,87.0921471139566,0,0
"40.7",3.02679287593277,0,0,9.78280089778453,87.1904062262827,0,0
"40.8",3.01502352065837,0,0,9.69717098280069,87.2878054965409,0,0
"40.9",3.00340237623295,0,0,9.61224562929107,87.3843519944759,0,0
"41",2.99192723977547,0,0,9.52802001862269,87.4800527416018,0,0
"41.1",2.98059594710055,0,0,9.44448934160663,87.5749147112928,0,0
"41.2",2.96940637193758,0,0,9.36164879918101,87.6689448288814,0,0
"41.3",2.95835642516722,0,0,9.2794936030699,87.7621499717629,0,0
"41.4",2.94744405407503,0,0,9.19801897641863,87.8545369695063,0,0
"41.5",2.93666724162168,0,0,9.11722015440633,87.946112603972,0,0
"41.6",2.9260240057294,0,0,9.03709238483613,88.0368836094344,0,0
"41.7",2.91551239858428,0,0,8.95763092870375,88.1268566727119,0,0
"41.8",2.90513050595405,0,0,8.87883106074508,88.2160384333008,0,0
"41.9",2.89487644652096,0,0,8.80068806996322,88.3044354835158,0,0
"42",2.88474837122939,0,0,8.72319726013565,88.3920543686349,0,0
"42.1",2.87474446264782,0,0,8.64635395030208,88.4789015870501,0,0
"42.2",2.86486293434492,0,0,8.57015347523333,88.5649835904217,0,0
"42.3",2.85510203027927,0,0,8.49459118588208,88.6503067838386,0,0
"42.4",2.84546002420255,0,0,8.41966244981567,88.7348775259817,0,0
"42.5",2.8359352190757,0,0,8.34536265163167,88.8187021292926,0,0
"42.6",2.82652594649796,0,0,8.27168719335658,88.9017868601454,0,0
"42.7",2.81723056614825,0,0,8.19863149482818,88.9841379390235,0,0
"42.8",2.80804746523883,0,0,8.126190994062,89.0657615406991,0,0
"42.9",2.79897505798072,0,0,8.05436114760222,89.146663794417,0,0
"43",2.79001178506082,0,0,7.9831374308577,89.2268507840814,0,0
"43.1",2.78115611313032,0,0,7.91251533842326,89.3063285484464,0,0
"43.2",2.77240653430414,0,0,7.84249038438679,89.385103081309,0,0
"43.3",2.76376156567119,0,0,7.77305810262265,89.4631803317061,0,0
"43.4",2.75521974881522,0,0,7.70421404707148,89.5405662041132,0,0
"43.5",2.74677964934592,0,0,7.63595379200715,89.6172665586468,0,0
"43.6",2.73843985644006,0,0,7.56827293229098,89.6932872112689,0,0
"43.7",2.73019898239255,0,0,7.50116708361358,89.7686339339938,0,0
"43.8",2.72205566217698,0,0,7.43463188272486,89.8433124550981,0,0
"43.9",2.71400855301563,0,0,7.36866298765233,89.917328459332,0,0
"44",2.70605633395859,0,0,7.30325607790819,89.9906875881332,0,0
"44.1",2.6981977054718,0,0,7.23840685468536,90.0633954398428,0,0
"44.2",2.69043138903389,0,0,7.17411104104302,90.135457569923,0,0
"44.3",2.68275612674152,0,0,7.11036438208166,90.2068794911768,0,0
"44.4",2.67517068092302,0,0,7.04716264510813,90.2776666739688,0,0
"44.5",2.66767383376026,0,0,6.98450161979107,90.3478245464486,0,0
"44.6",2.66026438691841,0,0,6.92237711830666,90.4173584947749,0,0
"44.7",2.65294116118348,0,0,6.8607849754754,90.4862738633411,0,0
"44.8",2.64570299610752,0,0,6.79972104888977,90.5545759550027,0,0
"44.9",2.63854874966113,0,0,6.73918121903342,90.6222700313054,0,0
"45",2.63147729789334,0,0,6.6791613893918,90.6893613127148,0,0
"45.1",2.6244875345985,0,0,6.61965748655478,90.7558549788467,0,0
"45.2",2.61757837099012,0,0,6.5606654603112,90.8217561686986,0,0
"45.3",2.61074873538149,0,0,6.50218128373594,90.8870699808825,0,0
"45.4",2.60399757287287,0,0,6.44420095326931,90.9518014738578,0,0
"45.5",2.59732384504524,0,0,6.38672048878946,91.0159556661652,0,0
"45.6",2.5907265296602,0,0,6.32973593367758,91.0795375366621,0,0
"45.7",2.58420462036626,0,0,6.27324335487647,91.1425520247572,0,0
"45.8",2.57775712641096,0,0,6.21723884294237,91.2050040306466,0,0
"45.9",2.57138307235903,0,0,6.16171851209055,91.2668984155504,0,0
"46",2.56508149781626,0,0,6.10667850023458,91.3282400019491,0,0
"46.1",2.55885145715898,0,0,6.05211496901975,91.3890335738212,0,0
"46.2",2.55269201926913,0,0,5.99802410385047,91.4492838768803,0,0
"46.3",2.54660226727465,0,0,5.94440211391227,91.508995618813,0,0
"46.4",2.54058129829515,0,0,5.89124523218814,91.5681734695167,0,0
"46.5",2.53462822319273,0,0,5.83854971546972,91.6268220613375,0,0
"46.6",2.52874216632787,0,0,5.7863118443633,91.6849459893088,0,0
"46.7",2.52292226532017,0,0,5.73452792329089,91.7425498113889,0,0
"46.8",2.51716767081396,0,0,5.68319428048648,91.7996380486995,0,0
"46.9",2.51147754624863,0,0,5.63230726798766,91.8562151857637,0,0
"47",2.50585106763348,0,0,5.58186326162274,91.9122856707437,0,0
"47.1",2.50028742332715,0,0,5.53185866099354,91.9678539156793,0,0
"47.2",2.49478581382143,0,0,5.48228988945392,92.0229242967246,0,0
"47.3",2.48934545152935,0,0,5.43315339408433,92.0775011543863,0,0
"47.4",2.48396556057751,0,0,5.3844456456623,92.1315887937602,0,0
"47.5",2.47864537660249,0,0,5.33616313862927,92.1851914847682,0,0
"47.6",2.47338414655135,0,0,5.28830239105363,92.238313462395,0,0
"47.7",2.46818112848601,0,0,5.24085994459026,92.2909589269237,0,0
"47.8",2.46303559139147,0,0,5.19383236443662,92.3431320441719,0,0
"47.9",2.4579468149879,0,0,5.14721623928556,92.3948369457265,0,0
"48",2.4529140895463,0,0,5.10100818127488,92.4460777291788,0,0
"48.1",2.44793671570782,0,0,5.05520482593384,92.4968584583583,0,0
"48.2",2.44301400430664,0,0,5.00980283212667,92.5471831635666,0,0
"48.3",2.43814527619622,0,0,4.96479888199324,92.5970558418105,0,0
"48.4",2.43332986207902,0,0,4.9201896808869,92.646480457034,0,0
"48.5",2.42856710233946,0,0,4.87597195730973,92.6954609403507,0,0
"48.6",2.42385634688012,0,0,4.83214246284513,92.7440011902747,0,0
"48.7",2.41919695496117,0,0,4.78869797208798,92.7921050729508,0,0
"48.8",2.4145882950428,0,0,4.74563528257243,92.8397764223847,0,0
"48.9",2.41002974463075,0,0,4.70295121469735,92.8870190406718,0,0
"49",2.40552069012479,0,0,4.66064261164959,92.9338366982255,0,0
"49.1",2.40106052667009,0,0,4.61870633932512,92.9802331340047,0,0
"49.2",2.39664865801142,0,0,4.57713928624813,93.0262120557403,0,0
"49.3",2.3922844963502,0,0,4.53593836348815,93.0717771401616,0,0
"49.4",2.38796746220418,0,0,4.49510050457528,93.1169320332205,0,0
"49.5",2.38369698426982,0,0,4.45462266541367,93.1616803503164,0,0
"49.6",2.37947249928731,0,0,4.4145018241932,93.2060256765194,0,0
"49.7",2.37529345190812,0,0,4.37473498129953,93.2499715667923,0,0
"49.8",2.37115929456502,0,0,4.33531915922256,93.2935215462124,0,0
"49.9",2.36706948734459,0,0,4.29625140246333,93.336679110192,0,0
"50",2.36302349786209,0,0,4.25752877743953,93.3794477246983,0,0
"50.1",2.35902080113872,0,0,4.21914837238957,93.4218308264717,0,0
"50.2",2.35506087948114,0,0,4.18110729727531,93.4638318232435,0,0
"50.3",2.35114322236323,0,0,4.14340268368354,93.5054540939532,0,0
"50.4",2.34726732631011,0,0,4.10603168472627,93.5467009889636,0,0
"50.5",2.34343269478422,0,0,4.06899147493983,93.5875758302759,0,0
"50.6",2.33963883807362,0,0,4.03227925018289,93.6280819117435,0,0
"50.7",2.33588527318227,0,0,3.99589222753344,93.6682224992843,0,0
"50.8",2.33217152372242,0,0,3.95982764518476,93.7080008310928,0,0
"50.9",2.32849711980884,0,0,3.92408276234049,93.7474201178507,0,0
"51",2.32486159795519,0,0,3.88865485910877,93.786483542936,0,0
"51.1",2.32126450097212,0,0,3.8535412363956,93.8251942626323,0,0
"51.2",2.31770537786733,0,0,3.8187392157973,93.8635554063354,0,0
"51.3",2.3141837837474,0,0,3.78424613949233,93.9015700767603,0,0
"51.4",2.3106992797215,0,0,3.75005937013239,93.9392413501461,0,0
"51.5",2.30725143280669,0,0,3.71617629073278,93.9765722764605,0,0
"51.6",2.30383981583513,0,0,3.68259430456225,94.0135658796027,0,0
"51.7",2.30046400736279,0,0,3.6493108350322,94.050225157605,0,0
"51.8",2.29712359157995,0,0,3.61632332558539,94.0865530828347,0,0
"51.9",2.29381815822324,0,0,3.58362923958409,94.1225526021927,0,0
"52",2.29054730248927,0,0,3.55122606019785,94.1582266373129,0,0
"52.1",2.28731062494981,0,0,3.51911129029081,94.1935780847594,0,0
"52.2",2.2841077314685,0,0,3.48728245230855,94.228609816223,0,0
"52.3",2.28093823311907,0,0,3.45573708816474,94.2633246787162,0,0
"52.4",2.27780174610492,0,0,3.42447275912729,94.2977254947678,0,0
"52.5",2.27469789168029,0,0,3.39348704570438,94.3318150626154,0,0
"52.6",2.27162629607266,0,0,3.36277754753008,94.3655961563973,0,0
"52.7",2.26858659040664,0,0,3.33234188324988,94.3990715263435,0,0
"52.8",2.26557841062917,0,0,3.30217769040588,94.432243898965,0,0
"52.9",2.26260139743602,0,0,3.27228262532193,94.4651159772421,0,0
"53",2.25965519619959,0,0,3.24265436298857,94.4976904408119,0,0
"53.1",2.25673945689802,0,0,3.21329059694789,94.5299699461541,0,0
"53.2",2.25385383404547,0,0,3.1841890391782,94.5619571267764,0,0
"53.3",2.25099798662367,0,0,3.1553474199788,94.5936545933976,0,0
"53.4",2.24817157801464,0,0,3.12676348785455,94.6250649341309,0,0
"53.5",2.24537427593459,0,0,3.09843500940056,94.6561907146649,0,0
"53.6",2.24260575236896,0,0,3.07035976918674,94.6870344784443,0,0
"53.7",2.23986568350862,0,0,3.04253556964253,94.7175987468489,0,0
"53.8",2.23715374968708,0,0,3.01496023094158,94.7478860193714,0,0
"53.9",2.2344696353189,0,0,2.98763159088654,94.7778987737946,0,0
"54",2.23181302883908,0,0,2.96054750479391,94.807639466367,0,0
"54.1",2.2291836226435,0,0,2.93370584537905,94.8371105319775,0,0
"54.2",2.22658111303043,0,0,2.90710450264129,94.8663143843283,0,0
"54.3",2.22400520014297,0,0,2.88074138374917,94.8952534161079,0,0
"54.4",2.22145558791251,0,0,2.85461441292589,94.9239299991617,0,0
"54.5",2.21893198400315,0,0,2.8287215313349,94.952346484662,0,0
"54.6",2.21643409975707,0,0,2.80306069696575,94.9805052032772,0,0
"54.7",2.21396165014078,0,0,2.77762988452005,95.0084084653392,0,0
"54.8",2.21151435369237,0,0,2.7524270852978,95.0360585610099,0,0
"54.9",2.20909193246952,0,0,2.72745030708382,95.0634577604467,0,0
"55",2.20669411199851,0,0,2.70269757403457,95.090608313967,0,0
"55.1",2.204320621224,0,0,2.67816692656517,95.1175124522109,0,0
"55.2",2.20197119245973,0,0,2.6538564212367,95.1441723863036,0,0
"55.3",2.19964556133991,0,0,2.62976413064384,95.1705903080163,0,0
"55.4",2.19734346677162,0,0,2.60588814330284,95.1967683899256,0,0
"55.5",2.19506465088778,0,0,2.58222656353974,95.2227087855725,0,0
"55.6",2.19280885900108,0,0,2.55877751137899,95.24841362962,0,0
"55.7",2.19057583955859,0,0,2.53553912243238,95.2738850380091,0,0
"55.8",2.1883653440971,0,0,2.51250954778839,95.2991251081146,0,0
"55.9",2.18617712719927,0,0,2.48968695390182,95.324135918899,0,0
"56",2.18401094645042,0,0,2.46706952248387,95.3489195310658,0,0
"56.1",2.18186656239611,0,0,2.44465545039259,95.3734779872113,0,0
"56.2",2.17974373850036,0,0,2.4224429495237,95.397813311976,0,0
"56.3",2.17764224110455,0,0,2.40043024670188,95.4219275121936,0,0
"56.4",2.17556183938703,0,0,2.37861558357237,95.4458225770406,0,0
"56.5",2.17350230532334,0,0,2.35699721649313,95.4695004781835,0,0
"56.6",2.17146341364713,0,0,2.33557341642734,95.4929631699256,0,0
"56.7",2.16944494181165,0,0,2.31434246883633,95.5162125893521,0,0
"56.8",2.16744666995193,0,0,2.29330267357302,95.5392506564751,0,0
"56.9",2.1654683808475,0,0,2.27245234477575,95.5620792743768,0,0
"57",2.16350985988576,0,0,2.25178981076266,95.5847003293516,0,0
"57.1",2.16157089502595,0,0,2.23131341392638,95.6071156910477,0,0
"57.2",2.1596512767636,0,0,2.2110215106294,95.629327212607,0,0
"57.3",2.1577507980957,0,0,2.19091247109972,95.6513367308046,0,0
"57.4",2.15586925448629,0,0,2.17098467932709,95.6731460661867,0,0
"57.5",2.15400644383265,0,0,2.15123653295975,95.6947570232076,0,0
"57.6",2.15216216643208,0,0,2.13166644320161,95.7161713903664,0,0
"57.7",2.15033622494907,0,0,2.11227283470994,95.737390940341,0,0
"57.8",2.14852842438315,0,0,2.09305414549359,95.7584174301233,0,0
"57.9",2.14673857203714,0,0,2.07400882681171,95.7792526011512,0,0
"58",2.14496647748591,0,0,2.05513534307295,95.7998981794412,0,0
"58.1",2.14321195254568,0,0,2.03643217173519,95.8203558757192,0,0
"58.2",2.14147481124374,0,0,2.01789780320585,95.8406273855504,0,0
"58.3",2.13975486978872,0,0,1.9995307407426,95.8607143894687,0,0
"58.4",2.13805194654122,0,0,1.9813295003547,95.8806185531041,0,0
"58.5",2.13636586198501,0,0,1.96329261070485,95.9003415273102,0,0
"58.6",2.13469643869857,0,0,1.94541861301149,95.91988494829,0,0
"58.7",2.13304350132716,0,0,1.92770606095177,95.9392504377211,0,0
"58.8",2.13140687655527,0,0,1.91015352056491,95.9584396028798,0,0
"58.9",2.12978639307951,0,0,1.89275957015625,95.9774540367643,0,0
"59",2.12818188158192,0,0,1.87552280020167,95.9962953182165,0,0
"59.1",2.12659317470367,0,0,1.85844181325274,96.0149650120436,0,0
"59.2",2.12502010701921,0,0,1.84151522384222,96.0334646691386,0,0
"59.3",2.12346251501076,0,0,1.82474165839029,96.051795826599,0,0
"59.4",2.12192023704322,0,0,1.80811975511117,96.0699600078457,0,0
"59.5",2.12039311333945,0,0,1.7916481639204,96.0879587227402,0,0
"59.6",2.11888098595595,0,0,1.77532554634263,96.1057934677014,0,0
"59.7",2.11738369875886,0,0,1.75915057541992,96.1234657258212,0,0
"59.8",2.11590109740039,0,0,1.74312193562068,96.140976966979,0,0
"59.9",2.11443302929552,0,0,1.72723832274905,96.1583286479555,0,0
"60",2.11297934359914,0,0,1.71149844385495,96.1755222125459,0,0
"60.1",2.11153989118349,0,0,1.69590101714463,96.1925590916719,0,0
"60.2",2.1101145246159,0,0,1.6804447718917,96.2094407034924,0,0
"60.3",2.10870309813694,0,0,1.66512844834888,96.2261684535142,0,0
"60.4",2.10730546763887,0,0,1.64995079766014,96.242743734701,0,0
"60.5",2.10592149064435,0,0,1.63491058177349,96.2591679275822,0,0
"60.6",2.10455102628557,0,0,1.62000657335429,96.2754424003601,0,0
"60.7",2.1031939352836,0,0,1.60523755569915,96.2915685090173,0,0
"60.8",2.10185007992809,0,0,1.5906023226503,96.3075475974216,0,0
"60.9",2.10051932405727,0,0,1.57609967851062,96.3233809974321,0,0
"61",2.09920153303824,0,0,1.56172843795915,96.3390700290026,0,0
"61.1",2.09789657374752,0,0,1.54748742596716,96.3546160002853,0,0
"61.2",2.09660431455193,0,0,1.53337547771481,96.3700202077333,0,0
"61.3",2.09532462528973,0,0,1.51939143850832,96.385283936202,0,0
"61.4",2.09405737725203,0,0,1.5055341636977,96.4004084590503,0,0
"61.5",2.09280244316447,0,0,1.49180251859505,96.4153950382405,0,0
"61.6",2.0915596971692,0,0,1.4781953783934,96.4302449244374,0,0
"61.7",2.09032901480706,0,0,1.46471162808606,96.4449593571069,0,0
"61.8",2.08911027300007,0,0,1.45135016238656,96.4595395646134,0,0
"61.9",2.08790335003415,0,0,1.43810988564912,96.4739867643167,0,0
"62",2.0867081255421,0,0,1.4249897117897,96.4883021626682,0,0
"62.1",2.08552448048682,0,0,1.41198856420748,96.5024869553057,0,0
"62.2",2.08435229714475,0,0,1.39910537570702,96.5165423271482,0,0
"62.3",2.08319145908961,0,0,1.38633908842088,96.5304694524895,0,0
"62.4",2.08204185117628,0,0,1.3736886537328,96.5442694950909,0,0
"62.5",2.08090335952497,0,0,1.36115303220139,96.5579436082736,0,0
"62.6",2.07977587150565,0,0,1.34873119348439,96.57149293501,0,0
"62.7",2.07865927572259,0,0,1.33642211626345,96.584918608014,0,0
"62.8",2.07755346199922,0,0,1.32422478816947,96.5982217498313,0,0
"62.9",2.07645832136319,0,0,1.31213820570836,96.6114034729285,0,0
"63",2.07537374603155,0,0,1.3001613741875,96.624464879781,0,0
"63.1",2.07429962939629,0,0,1.28829330764258,96.6374070629611,0,0
"63.2",2.07323586600993,0,0,1.27653302876502,96.650231105225,0,0
"63.3",2.07218235157144,0,0,1.26487956882995,96.6629380795986,0,0
"63.4",2.07113898291227,0,0,1.25333196762462,96.6755290494631,0,0
"63.5",2.0701056579826,0,0,1.2418892733774,96.68800506864,0,0
"63.6",2.0690822758378,0,0,1.2305505426873,96.7003671814749,0,0
"63.7",2.06806873662507,0,0,1.21931484045394,96.712616422921,0,0
"63.8",2.06706494157024,0,0,1.20818123980809,96.7247538186217,0,0
"63.9",2.06607079296479,0,0,1.19714882204271,96.7367803849925,0,0
"64",2.06508619415304,0,0,1.18621667654446,96.7486971293025,0,0
"64.1",2.06411104951947,0,0,1.17538390072579,96.7605050497547,0,0
"64.2",2.0631452644763,0,0,1.16464959995742,96.7722051355663,0,0
"64.3",2.06218874545116,0,0,1.15401288750146,96.7837983670474,0,0
"64.4",2.06124139987499,0,0,1.14347288444492,96.7952857156801,0,0
"64.5",2.06030313617005,0,0,1.13302871963374,96.8066681441962,0,0
"64.6",2.05937386373814,0,0,1.12267952960735,96.8179466066545,0,0
"64.7",2.05845349294895,0,0,1.11242445853371,96.8291220485173,0,0
"64.8",2.0575419351286,0,0,1.10226265814479,96.8401954067266,0,0
"64.9",2.05663910254829,0,0,1.0921932876726,96.8511676097791,0,0
"65",2.05574490841316,0,0,1.08221551378568,96.8620395778011,0,0
"65.1",2.05485926685122,0,0,1.07232851052605,96.8728122226227,0,0
"65.2",2.05398209290254,0,0,1.06253145924667,96.8834864478508,0,0
"65.3",2.05311330250848,0,0,1.0528235485494,96.8940631489421,0,0
"65.4",2.05225281250113,0,0,1.04320397422333,96.9045432132755,0,0
"65.5",2.05140054059287,0,0,1.03367193918373,96.9149275202234,0,0
"65.6",2.05055640536603,0,0,1.02422665341134,96.9252169412226,0,0
"65.7",2.0497203262628,0,0,1.01486733389219,96.935412339845,0,0
"65.8",2.04889222357514,0,0,1.00559320455789,96.9455145718669,0,0
"65.9",2.04807201843491,0,0,0.996403496226358,96.9555244853387,0,0
"66",2.04725963280411,0,0,0.987297446543005,96.9654429206528,0,0
"66.1",2.04645498946524,0,0,0.978274299922394,96.9752707106123,0,0
"66.2",2.04565801201179,0,0,0.969333307490344,96.9850086804978,0,0
"66.3",2.04486862483886,0,0,0.960473727026491,96.9946576481346,0,0
"66.4",2.04408675313392,0,0,0.951694822907284,97.0042184239588,0,0
"66.5",2.04331232286763,0,0,0.942995866049447,97.0136918110829,0,0
"66.6",2.04254526078488,0,0,0.934376133853864,97.0230786053612,0,0
"66.7",2.04178549439583,0,0,0.925834910149923,97.0323795954542,0,0
"66.8",2.04103295196719,0,0,0.917371485140288,97.0415955628925,0,0
"66.9",2.04028756251351,0,0,0.908985155346107,97.0507272821404,0,0
"67",2.03954925578861,0,0,0.900675223552659,97.0597755206587,0,0
"67.1",2.03881796227719,0,0,0.892440998755424,97.0687410389674,0,0
"67.2",2.03809361318645,0,0,0.884281796106585,97.0776245907069,0,0
"67.3",2.03737614043786,0,0,0.87619693686196,97.0864269227002,0,0
"67.4",2.0366654766591,0,0,0.868185748328343,97.0951487750125,0,0
"67.5",2.03596155517594,0,0,0.860247563811278,97.1037908810128,0,0
"67.6",2.03526431000441,0,0,0.852381722563245,97.1123539674323,0,0
"67.7",2.03457367584297,0,0,0.844587569732257,97.1208387544247,0,0
"67.8",2.03388958806477,0,0,0.83686445631088,97.1292459556243,0,0
"67.9",2.03321198271004,0,0,0.829211739085647,97.1375762782043,0,0
"68",2.0325407964786,0,0,0.821628780586893,97.1458304229345,0,0
"68.1",2.03187596672244,0,0,0.814114949038986,97.1540090842386,0,0
"68.2",2.03121743143833,0,0,0.806669618310955,97.1621129502507,0,0
"68.3",2.03056512926068,0,0,0.799292167867538,97.1701427028718,0,0
"68.4",2.02991899945432,0,0,0.791981982720594,97.1780990178251,0,0
"68.5",2.02927898190747,0,0,0.784738453380939,97.1859825647116,0,0
"68.6",2.0286450171248,0,0,0.777560975810551,97.1937940070646,0,0
"68.7",2.02801704622052,0,0,0.770448951375176,97.2015340024043,0,0
"68.8",2.02739501091161,0,0,0.763401786797318,97.2092032022911,0,0
"68.9",2.02677885351111,0,0,0.756418894109603,97.2168022523793,0,0
"69",2.02616851692151,0,0,0.749499690608537,97.22433179247,0,0
"69.1",2.02556394462817,0,0,0.742643598808633,97.2317924565632,0,0
"69.2",2.02496508069292,0,0,0.735850046396911,97.2391848729102,0,0
"69.3",2.02437186974765,0,0,0.729118466187787,97.2465096640646,0,0
"69.4",2.02378425698801,0,0,0.722448296078305,97.2537674469337,0,0
"69.5",2.02320218816722,0,0,0.715838979003768,97.260958832829,0,0
"69.6",2.02262560958989,0,0,0.709289962893705,97.2680844275164,0,0
"69.7",2.02205446810597,0,0,0.702800700628222,97.2751448312658,0,0
"69.8",2.02148871110478,0,0,0.696370649994703,97.2821406389005,0,0
"69.9",2.02092828650904,0,0,0.689999273644868,97.2890724398461,0,0
"70",2.02037314276908,0,0,0.683686039052191,97.2959408181787,0,0
"70.1",2.01982322885704,0,0,0.677430418469666,97.3027463526733,0,0
"70.2",2.01927849426116,0,0,0.671231888887923,97.3094896168509,0,0
"70.3",2.01873888898015,0,0,0.6650899319937,97.3161711790261,0,0
"70.4",2.01820436351766,0,0,0.659004034128642,97.3227916023537,0,0
"70.5",2.01767486887672,0,0,0.652973686248462,97.3293514448748,0,0
"70.6",2.01715035655437,0,0,0.646998383882432,97.3358512595632,0,0
"70.7",2.01663077853626,0,0,0.641077627093206,97.3422915943705,0,0
"70.8",2.01611608729135,0,0,0.635210920436996,97.3486729922716,0,0
"70.9",2.01560623576669,0,0,0.629397772924058,97.3549959913092,0,0
"71",2.01510117738227,0,0,0.62363769797953,97.3612611246382,0,0
"71.1",2.01460086602585,0,0,0.617930213404579,97.3674689205695,0,0
"71.2",2.01410525604795,0,0,0.612274841337887,97.3736199026141,0,0
"71.3",2.01361430225688,0,0,0.606671108217455,97.3797145895256,0,0
"71.4",2.01312795991377,0,0,0.601118544742722,97.3857534953435,0,0
"71.5",2.01264618472771,0,0,0.595616685837016,97.3917371294353,0,0
"71.6",2.01216893285099,0,0,0.590165070610302,97.3976659965387,0,0
"71.7",2.01169616087427,0,0,0.584763242322265,97.4035405968035,0,0
"71.8",2.01122782582193,0,0,0.579410748345684,97.4093614258324,0,0
"71.9",2.01076388514742,0,0,0.574107140130129,97.4151289747224,0,0
"72",2.01030429672867,0,0,0.56885197316596,97.4208437301054,0,0
"72.1",2.00984901886357,0,0,0.563644806948624,97.4265061741878,0,0
"72.2",2.00939801026547,0,0,0.558485204943263,97.4321167847913,0,0
"72.3",2.00895123005878,0,0,0.553372734549621,97.4376760353916,0,0
"72.4",2.00850863777457,0,0,0.548306967067239,97.4431843951582,0,0
"72.5",2.00807019334628,0,0,0.543287477660957,97.4486423289927,0,0
"72.6",2.00763585710542,0,0,0.538313845326699,97.4540502975679,0,0
"72.7",2.00720558977736,0,0,0.533385652857555,97.4594087573651,0,0
"72.8",2.00677935247717,0,0,0.52850248681015,97.4647181607127,0,0
"72.9",2.00635710670548,0,0,0.523663937471293,97.4699789558232,0,0
"73",2.00593881434442,0,0,0.518869598824924,97.4751915868307,0,0
"73.1",2.00552443765357,0,0,0.514119068519325,97.4803564938271,0,0
"73.2",2.00511393926601,0,0,0.509411947834623,97.4854741128994,0,0
"73.3",2.00470728218437,0,0,0.504747841650571,97.4905448761651,0,0
"73.4",2.00430442977694,0,0,0.500126358414591,97.4955692118085,0,0
"73.5",2.00390534577383,0,0,0.495547110110109,97.500547544116,0,0
"73.6",2.00350999426319,0,0,0.491009712225142,97.5054802935117,0,0
"73.7",2.0031183396874,0,0,0.486513783721169,97.5103678765914,0,0
"73.8",2.00273034683942,0,0,0.482058947002261,97.5152107061583,0,0
"73.9",2.00234598085909,0,0,0.477644827884476,97.5200091912564,0,0
"74",2.00196520722952,0,0,0.473271055565522,97.5247637372049,0,0
"74.1",2.00158799177348,0,0,0.468937262594668,97.5294747456318,0,0
"74.2",2.00121430064986,0,0,0.464643084842932,97.5341426145072,0,0
"74.3",2.00084410035021,0,0,0.46038816147351,97.5387677381763,0,0
"74.4",2.00047735769521,0,0,0.45617213491246,97.5433505073923,0,0
"74.5",2.00011403983129,0,0,0.451994650819655,97.547891309349,0,0
"74.6",1.99975411422724,0,0,0.447855358059962,97.5523905277128,0,0
"74.7",1.99939754867084,0,0,0.443753908674688,97.5568485426545,0,0
"74.8",1.99904431126558,0,0,0.439689957853267,97.5612657308811,0,0
"74.9",1.99869437042738,0,0,0.435663163905186,97.5656424656674,0,0
"75",1.99834769488135,0,0,0.431673188232162,97.5699791168865,0,0
"75.1",1.99800425365858,0,0,0.427719695300553,97.5742760510409,0,0
"75.2",1.99766401609302,0,0,0.423802352614008,97.578533631293,0,0
"75.3",1.9973269518183,0,0,0.419920830686363,97.5827522174953,0,0
"75.4",1.9969930307647,0,0,0.416074803014756,97.5869321662205,0,0
"75.5",1.99666222315602,0,0,0.412263946052989,97.591073830791,0,0
"75.6",1.99633449950663,0,0,0.408487939185114,97.5951775613082,0,0
"75.7",1.99600983061845,0,0,0.404746464699244,97.5992437046823,0,0
"75.8",1.99568818757798,0,0,0.401039207761608,97.6032726046604,0,0
"75.9",1.99536954175342,0,0,0.397365856390808,97.6072646018558,0,0
"76",1.99505386479174,0,0,0.393726101432321,97.611220033776,0,0
"76.1",1.99474112861583,0,0,0.390119636533207,97.615139234851,0,0
"76.2",1.99443130542172,0,0,0.386546158117045,97.6190225364612,0,0
"76.3",1.99412436767572,0,0,0.383005365359091,97.6228702669652,0,0
"76.4",1.99382028811172,0,0,0.379496960161638,97.6266827517267,0,0
"76.5",1.9935190397284,0,0,0.376020647129607,97.630460313142,0,0
"76.6",1.99322059578657,0,0,0.37257613354634,97.6342032706671,0,0
"76.7",1.99292492980649,0,0,0.369163129349605,97.6379119408439,0,0
"76.8",1.99263201556521,0,0,0.365781347107821,97.641586637327,0,0
"76.9",1.99234182709399,0,0,0.362430501996475,97.6452276709095,0,0
"77",1.99205433867567,0,0,0.359110311774756,97.6488353495496,0,0
"77.1",1.99176952484217,0,0,0.35582049676239,97.6524099783955,0,0
"77.2",1.99148736037191,0,0,0.352560779816674,97.6559518598114,0,0
"77.3",1.99120782028733,0,0,0.349330886309721,97.6594612934029,0,0
"77.4",1.99093087985243,0,0,0.346130544105889,97.6629385760417,0,0
"77.5",1.99065651457033,0,0,0.342959483539426,97.6663840018903,0,0
"77.6",1.99038470018079,0,0,0.33981743739229,97.6697978624269,0,0
"77.7",1.99011541265791,0,0,0.336704140872186,97.6731804464699,0,0
"77.8",1.98984862820768,0,0,0.333619331590773,97.6765320402016,0,0
"77.9",1.98958432326569,0,0,0.330562749542083,97.6798529271922,0,0
"78",1.9893224744948,0,0,0.327534137081114,97.6831433884241,0,0
"78.1",1.98906305878286,0,0,0.324533238902617,97.6864037023145,0,0
"78.2",1.9888060532404,0,0,0.321559802020071,97.6896341447395,0,0
"78.3",1.98855143519847,0,0,0.318613575744842,97.6928349890567,0,0
"78.4",1.98829918220633,0,0,0.315694311665519,97.6960065061282,0,0
"78.5",1.98804927202934,0,0,0.312801763627443,97.6991489643432,0,0
"78.6",1.98780168264674,0,0,0.309935687712407,97.7022626296409,0,0
"78.7",1.98755639224951,0,0,0.307095842218537,97.705347765532,0,0
"78.8",1.98731337923828,0,0,0.304281987640354,97.7084046331214,0,0
"78.9",1.9870726222212,0,0,0.301493886649005,97.7114334911298,0,0
"79",1.98683410001184,0,0,0.298731304072676,97.7144345959155,0,0
"79.1",1.98659779162722,0,0,0.29599400687717,97.7174082014956,0,0
"79.2",1.98636367628567,0,0,0.293281764146664,97.7203545595677,0,0
"79.3",1.9861317334049,0,0,0.290594347064627,97.7232739195305,0,0
"79.4",1.98590194259999,0,0,0.287931528894917,97.7261665285051,0,0
"79.5",1.98567428368137,0,0,0.285293084963034,97.7290326313556,0,0
"79.6",1.98544873665297,0,0,0.282678792637549,97.7318724707095,0,0
"79.7",1.9852252817102,0,0,0.280088431311687,97.7346862869781,0,0
"79.8",1.9850038992381,0,0,0.277521782385083,97.7374743183768,0,0
"79.9",1.98478456980943,0,0,0.274978629245691,97.7402368009449,0,0
"80",1.98456727418282,0,0,0.272458757251858,97.7429739685653,0,0
"80.1",1.9843519933009,0,0,0.269961953714553,97.7456860529846,0,0
"80.2",1.9841387082885,0,0,0.26748800787976,97.7483732838318,0,0
"80.3",1.98392740045083,0,0,0.265036710911017,97.7510358886382,0,0
"80.4",1.9837180512717,0,0,0.262607855872121,97.7536740928562,0,0
"80.5",1.98351064241173,0,0,0.260201237709975,97.7562881198783,0,0
"80.6",1.98330515570661,0,0,0.257816653237595,97.7588781910558,0,0
"80.7",1.98310157316538,0,0,0.255453901117268,97.7614445257174,0,0
"80.8",1.98289987696872,0,0,0.253112781843853,97.7639873411874,0,0
"80.9",1.98270004946722,0,0,0.250793097728233,97.7665068528046,0,0
"81",1.98250207317973,0,0,0.248494652880922,97.7690032739394,0,0
"81.1",1.9823059307917,0,0,0.246217253195803,97.7714768160125,0,0
"81.2",1.98211160515351,0,0,0.243960706334021,97.7739276885125,0,0
"81.3",1.98191907927888,0,0,0.241724821708018,97.7763560990131,0,0
"81.4",1.98172833634325,0,0,0.239509410465704,97.778762253191,0,0
"81.5",1.98153935968216,0,0,0.237314285474779,97.7811463548431,0,0
"81.6",1.98135213278972,0,0,0.235139261307182,97.7835086059031,0,0
"81.7",1.98116663931702,0,0,0.232984154223689,97.7858492064593,0,0
"81.8",1.98098286307059,0,0,0.230848782158641,97.7881683547708,0,0
"81.9",1.98080078801087,0,0,0.228732964704814,97.7904662472843,0,0
"82",1.98062039825074,0,0,0.22663652309842,97.7927430786508,0,0
"82.1",1.98044167805396,0,0,0.224559280204239,97.7949990417418,0,0
"82.2",1.98026461183373,0,0,0.22250106050089,97.7972343276654,0,0
"82.3",1.98008918415123,0,0,0.220461690066231,97.7994491257825,0,0
"82.4",1.97991537971416,0,0,0.218440996562883,97.8016436237229,0,0
"82.5",1.97974318337527,0,0,0.216438809223896,97.8038180074008,0,0
"82.6",1.97957258013103,0,0,0.214454958838529,97.8059724610304,0,0
"82.7",1.97940355512013,0,0,0.212489277738164,97.8081071671417,0,0
"82.8",1.97923609362214,0,0,0.210541599782349,97.8102223065955,0,0
"82.9",1.97907018105613,0,0,0.208611760344957,97.8123180585989,0,0
"83",1.97890580297931,0,0,0.206699596300476,97.8143946007202,0,0
"83.1",1.97874294508565,0,0,0.204804946010416,97.8164521089039,0,0
"83.2",1.9785815932046,0,0,0.202927649309843,97.8184907574855,0,0
"83.3",1.97842173329972,0,0,0.20106754749403,97.8205107192062,0,0
"83.4",1.97826335146741,0,0,0.199224483305223,97.8225121652274,0,0
"83.5",1.97810643393559,0,0,0.197398300919539,97.8244952651449,0,0
"83.6",1.97795096706244,0,0,0.195588845933964,97.8264601870036,0,0
"83.7",1.97779693733512,0,0,0.19379596535348,97.8284070973114,0,0
"83.8",1.97764433136851,0,0,0.192019507578303,97.8303361610532,0,0
"83.9",1.977493135904,0,0,0.190259322391231,97.8322475417048,0,0
"84",1.97734333780822,0,0,0.188515260945118,97.8341414012467,0,0
"84.1",1.97719492407187,0,0,0.18678717575044,97.8360179001777,0,0
"84.2",1.97704788180846,0,0,0.185074920662995,97.8378771975286,0,0
"84.3",1.97690219825319,0,0,0.183378350871693,97.8397194508752,0,0
"84.4",1.97675786076168,0,0,0.181697322886473,97.8415448163519,0,0
"84.5",1.9766148568089,0,0,0.180031694526313,97.8433534486648,0,0
"84.6",1.97647317398795,0,0,0.178381324907358,97.8451455011047,0,0
"84.7",1.97633280000892,0,0,0.176746074431149,97.8469211255599,0,0
"84.8",1.9761937226978,0,0,0.175125804772963,97.8486804725292,0,0
"84.9",1.97605592999532,0,0,0.17352037887025,97.8504236911344,0,0
"85",1.97591940995584,0,0,0.17192966091118,97.852150929133,0,0
"85.1",1.97578415074629,0,0,0.170353516323289,97.8538623329304,0,0
"85.2",1.97565014064504,0,0,0.168791811762231,97.8555580475927,0,0
"85.3",1.97551736804085,0,0,0.167244415100626,97.8572382168585,0,0
"85.4",1.97538582143179,0,0,0.165711195417014,97.8589029831512,0,0
"85.5",1.9752554894242,0,0,0.164192022984902,97.8605524875909,0,0
"85.6",1.97512636073163,0,0,0.162686769261912,97.8621868700064,0,0
"85.7",1.97499842417383,0,0,0.161195306879029,97.8638062689471,0,0
"85.8",1.97487166867571,0,0,0.159717509629946,97.8654108216943,0,0
"85.9",1.9747460832663,0,0,0.158253252460494,97.8670006642732,0,0
"86",1.97462165707783,0,0,0.156802411458183,97.868575931464,0,0
"86.1",1.97449837934465,0,0,0.155364863841829,97.8701367568135,0,0
"86.2",1.97437623940228,0,0,0.153940487951269,97.8716832726464,0,0
"86.3",1.97425522668647,0,0,0.152529163237181,97.8732156100763,0,0
"86.4",1.97413533073219,0,0,0.151130770250984,97.8747338990168,0,0
"86.5",1.97401654117269,0,0,0.149745190634837,97.8762382681924,0,0
"86.6",1.97389884773857,0,0,0.148372307111723,97.8777288451497,0,0
"86.7",1.97378224025683,0,0,0.147012003475625,97.8792057562675,0,0
"86.8",1.97366670864997,0,0,0.14566416458179,97.8806691267682,0,0
"86.9",1.97355224293503,0,0,0.144328676337079,97.8821190807279,0,0
"87",1.97343883322273,0,0,0.143005425690406,97.8835557410868,0,0
"87.1",1.97332646971656,0,0,0.141694300623261,97.8849792296602,0,0
"87.2",1.97321514271185,0,0,0.140395190140323,97.8863896671478,0,0
"87.3",1.97310484259497,0,0,0.139107984260152,97.8877871731449,0,0
"87.4",1.97299555984237,0,0,0.137832574005966,97.8891718661517,0,0
"87.5",1.97288728501979,0,0,0.136568851396506,97.8905438635837,0,0
"87.6",1.97278000878137,0,0,0.135316709436978,97.8919032817817,0,0
"87.7",1.97267372186882,0,0,0.134076042110077,97.8932502360211,0,0
"87.8",1.97256841511055,0,0,0.132846744367095,97.8945848405224,0,0
"87.9",1.9724640794209,0,0,0.131628712119109,97.89590720846,0,0
"88",1.97236070579927,0,0,0.130421842228245,97.8972174519725,0,0
"88.1",1.97225828532932,0,0,0.129226032499024,97.8985156821717,0,0
"88.2",1.97215680917819,0,0,0.128041181669785,97.899802009152,0,0
"88.3",1.97205626859566,0,0,0.126867189404187,97.9010765420002,0,0
"88.4",1.9719566549134,0,0,0.125703956282783,97.9023393888038,0,0
"88.5",1.97185795954417,0,0,0.124551383794677,97.9035906566612,0,0
"88.6",1.97176017398106,0,0,0.12340937432925,97.9048304516897,0,0
"88.7",1.97166328979672,0,0,0.122277831167966,97.9060588790353,0,0
"88.8",1.97156729864257,0,0,0.121156658476249,97.9072760428812,0,0
"88.9",1.97147219224812,0,0,0.120045761295432,97.9084820464565,0,0
"89",1.97137796242016,0,0,0.118945045534782,97.9096769920451,0,0
"89.1",1.97128460104206,0,0,0.117854417963596,97.9108609809944,0,0
"89.2",1.97119210007303,0,0,0.116773786203369,97.9120341137236,0,0
"89.3",1.9711004515474,0,0,0.11570305872003,97.9131964897326,0,0
"89.4",1.97100964757391,0,0,0.114642144816252,97.9143482076098,0,0
"89.5",1.970919680335,0,0,0.113590954623829,97.9154893650412,0,0
"89.6",1.97083054208611,0,0,0.112549399096123,97.9166200588178,0,0
"89.7",1.97074222515498,0,0,0.11151739000058,97.9177403848444,0,0
"89.8",1.97065472194098,0,0,0.110494839911309,97.9188504381477,0,0
"89.9",1.97056802491442,0,0,0.109481662201737,97.9199503128838,0,0
"90",1.97048212661587,0,0,0.108477771037324,97.9210401023468,0,0
"90.1",1.97039701965551,0,0,0.107483081368341,97.9221198989761,0,0
"90.2",1.97031269671245,0,0,0.106497508922723,97.9231897943648,0,0
"90.3",1.97022915053409,0,0,0.105520970198982,97.9242498792669,0,0
"90.4",1.97014637393549,0,0,0.104553382459176,97.9253002436053,0,0
"90.5",1.97006435979867,0,0,0.103594663721959,97.9263409764793,0,0
"90.6",1.96998310107206,0,0,0.102644732755677,97.9273721661722,0,0
"90.7",1.9699025907698,0,0,0.101703509071535,97.9283939001586,0,0
"90.8",1.96982282197113,0,0,0.100770912916829,97.929406265112,0,0
"90.9",1.96974378781983,0,0,0.0998468652682305,97.9304093469119,0,0
"91",1.96966548152352,0,0,0.098931287825136,97.9314032306513,0,0
"91.1",1.96958789635315,0,0,0.09802410300308,97.9323880006437,0,0
"91.2",1.96951102564232,0,0,0.0971252339272026,97.9333637404304,0,0
"91.3",1.96943486278674,0,0,0.0962346044257795,97.9343305327874,0,0
"91.4",1.96935940124362,0,0,0.0953521390238084,97.9352884597325,0,0
"91.5",1.96928463453108,0,0,0.0944777629366563,97.9362376025322,0,0
"91.6",1.96921055622763,0,0,0.0936114020637612,97.9371780417085,0,0
"91.7",1.96913715997151,0,0,0.0927529829823936,97.938109857046,0,0
"91.8",1.96906443946021,0,0,0.0919024329414734,97.9390331275982,0,0
"91.9",1.96899238844986,0,0,0.0910596798554422,97.9399479316946,0,0
"92",1.96892100075469,0,0,0.0902246522981933,97.940854346947,0,0
"92.1",1.9688502702465,0,0,0.0893972794970541,97.9417524502563,0,0
"92.2",1.96878019085409,0,0,0.088577491326825,97.942642317819,0,0
"92.3",1.96871075656273,0,0,0.0877652183038725,97.9435240251333,0,0
"92.4",1.96864196141364,0,0,0.0869603915802737,97.944397647006,0,0
"92.5",1.96857379950345,0,0,0.0861629429380169,97.9452632575585,0,0
"92.6",1.96850626498368,0,0,0.0853728047832527,97.946120930233,0,0
"92.7",1.96843935206023,0,0,0.0845899101405977,97.9469707377991,0,0
"92.8",1.96837305499286,0,0,0.0838141926474914,97.9478127523596,0,0
"92.9",1.9683073680947,0,0,0.0830455865486014,97.9486470453567,0,0
"93",1.9682422857317,0,0,0.0822840266902828,97.949473687578,0,0
"93.1",1.9681778023222,0,0,0.0815294485150852,97.9502927491627,0,0
"93.2",1.96811391233638,0,0,0.0807817880563107,97.9511042996073,0,0
"93.3",1.96805061029582,0,0,0.0800409819326219,97.9519084077715,0,0
"93.4",1.96798789077296,0,0,0.0793069673426975,97.9527051418843,0,0
"93.5",1.96792574839069,0,0,0.0785796820599378,97.9534945695494,0,0
"93.6",1.96786417782181,0,0,0.0778590644272172,97.954276757751,0,0
"93.7",1.96780317378861,0,0,0.0771450533516848,97.9550517728597,0,0
"93.8",1.96774273106237,0,0,0.076437588299613,97.955819680638,0,0
"93.9",1.96768284446292,0,0,0.0757366092912915,97.9565805462458,0,0
"94",1.9676235088582,0,0,0.0750420568959689,97.9573344342459,0,0
"94.1",1.96756471916377,0,0,0.0743538722268394,97.9580814086094,0,0
"94.2",1.96750647034236,0,0,0.0736719969360755,97.9588215327216,0,0
"94.3",1.96744875740349,0,0,0.0729963732099065,97.9595548693866,0,0
"94.4",1.96739157540296,0,0,0.0723269437637401,97.9602814808333,0,0
"94.5",1.96733491944245,0,0,0.0716636518373301,97.9610014287202,0,0
"94.6",1.96727878466909,0,0,0.0710064411899869,97.9617147741409,0,0
"94.7",1.96722316627503,0,0,0.0703552560958317,97.9624215776292,0,0
"94.8",1.967168059497,0,0,0.0697100413390947,97.963121899164,0,0
"94.9",1.96711345961593,0,0,0.0690707422094548,97.9638157981747,0,0
"95",1.96705936195648,0,0,0.0684373044974232,97.9645033335461,0,0
"95.1",1.96700576188671,0,0,0.0678096744897668,97.9651845636236,0,0
"95.2",1.96695265481758,0,0,0.0671877989649757,97.9658595462175,0,0
"95.3",1.96690003620263,0,0,0.0665716251887706,97.9665283386087,0,0
"95.4",1.96684790153753,0,0,0.0659611009096507,97.9671909975529,0,0
"95.5",1.9667962463597,0,0,0.0653561743544835,97.9678475792859,0,0
"95.6",1.96674506624793,0,0,0.0647567942241332,97.968498139528,0,0
"95.7",1.96669435682197,0,0,0.06416290968913,97.969142733489,0,0
"95.8",1.96664411374218,0,0,0.0635744703853783,97.9697814158725,0,0
"95.9",1.96659433270912,0,0,0.0629914264099043,97.9704142408811,0,0
"96",1.96654500946317,0,0,0.0624137283166417,97.9710412622203,0,0
"96.1",1.96649613978419,0,0,0.0618413271122564,97.9716625331036,0,0
"96.2",1.96644771949112,0,0,0.061274174252009,97.972278106257,0,0
"96.3",1.96639974444165,0,0,0.0607122216356549,97.9728880339228,0,0
"96.4",1.96635221053181,0,0,0.0601554216033818,97.9734923678649,0,0
"96.5",1.96630511369563,0,0,0.059603726931784,97.9740911593727,0,0
"96.6",1.96625844990483,0,0,0.0590570908298738,97.9746844592654,0,0
"96.7",1.96621221516838,0,0,0.0585154669351286,97.9752723178966,0,0
"96.8",1.96616640553224,0,0,0.0579788093095748,97.9758547851583,0,0
"96.9",1.96612101707896,0,0,0.0574470724359065,97.9764319104852,0,0
"97",1.96607604592734,0,0,0.0569202112136404,97.9770037428591,0,0
"97.1",1.96603148823212,0,0,0.0563981809553048,97.9775703308127,0,0
"97.2",1.96598734018363,0,0,0.0558809373826642,97.9781317224338,0,0
"97.3",1.96594359800746,0,0,0.055368436622978,97.9786879653696,0,0
"97.4",1.96590025796412,0,0,0.0548606352052928,97.9792391068307,0,0
"97.5",1.96585731634871,0,0,0.0543574900567692,97.9797851935946,0,0
"97.6",1.96581476949064,0,0,0.0538589584990419,97.9803262720104,0,0
"97.7",1.96577261375326,0,0,0.0533649982446123,97.9808623880022,0,0
"97.8",1.96573084553355,0,0,0.0528755673932752,97.9813935870733,0,0
"97.9",1.96568946126185,0,0,0.0523906244285767,97.9819199143097,0,0
"98",1.96564845740149,0,0,0.0519101282143059,97.9824414143843,0,0
"98.1",1.96560783044853,0,0,0.0514340379910169,97.9829581315605,0,0
"98.2",1.96556757693142,0,0,0.0509623133725837,97.9834701096961,0,0
"98.3",1.96552769341072,0,0,0.0504949143427865,97.9839773922466,0,0
"98.4",1.9654881764788,0,0,0.0500318012519281,97.9844800222694,0,0
"98.5",1.96544902275952,0,0,0.0495729348134826,97.9849780424271,0,0
"98.6",1.96541022890797,0,0,0.0491182761007731,97.9854714949913,0,0
"98.7",1.96537179161016,0,0,0.0486677865436812,97.9859604218462,0,0
"98.8",1.96533370758273,0,0,0.0482214279253853,97.9864448644919,0,0
"98.9",1.96529597357267,0,0,0.0477791623791292,97.9869248640482,0,0
"99",1.96525858635704,0,0,0.0473409523850208,97.987400461258,0,0
"99.1",1.96522154274269,0,0,0.0469067607668579,97.9878716964905,0,0
"99.2",1.96518483956598,0,0,0.0464765506889858,97.9883386097451,0,0
"99.3",1.96514847369249,0,0,0.0460502856531813,97.9888012406544,0,0
"99.4",1.96511244201678,0,0,0.0456279294955661,97.9892596284877,0,0
"99.5",1.96507674146209,0,0,0.0452094463835483,97.9897138121544,0,0
"99.6",1.96504136898011,0,0,0.0447948008127916,97.9901638302071,0,0
"99.7",1.96500632155067,0,0,0.0443839576042124,97.9906097208451,0,0
"99.8",1.9649715961815,0,0,0.0439768819010041,97.9910515219175,0,0
"99.9",1.96493718990799,0,0,0.0435735391656883,97.9914892709263,0,0
"100",1.96490309979288,0,0,0.0431738951771937,97.9919230050299,0,0
